"Country or Area","Year","Value","Value Footnotes"
"Albania","2020","29.4","1"
"Albania","2019","30.1","1"
"Albania","2018","30.1","1"
"Albania","2017","33.1","1"
"Albania","2016","33.7","1"
"Albania","2015","32.8","1"
"Albania","2014","34.6","1"
"Albania","2012","29","2"
"Albania","2008","30","2"
"Albania","2005","30.6","2"
"Albania","2002","31.7","2"
"Albania","1996","27","3"
"Algeria","2011","27.6","4"
"Algeria","1995","35.3","5"
"Algeria","1988","40.2","6"
"Angola","2018","51.3","7"
"Angola","2008","42.7","8"
"Angola","2000","52","1"
"Argentina","2021","42","9"
"Argentina","2020","42.3","9"
"Argentina","2019","42.9","9"
"Argentina","2018","41.3","9"
"Argentina","2017","41.1","9"
"Argentina","2016","42","9"
"Argentina","2014","41.6","9"
"Argentina","2013","40.9","9"
"Argentina","2012","41.3","9"
"Argentina","2011","42.6","9"
"Argentina","2010","43.6","9"
"Argentina","2009","43.7","9"
"Argentina","2008","44.9","9"
"Argentina","2007","46.2","9"
"Argentina","2006","46.3","9"
"Argentina","2005","47.7","9"
"Argentina","2004","48.4","9"
"Argentina","2003","50.9","9"
"Argentina","2002","53.8","10"
"Argentina","2001","53.3","10"
"Argentina","2000","51.1","10"
"Argentina","1999","49.8","10"
"Argentina","1998","50.7","10"
"Argentina","1997","49.1","10"
"Argentina","1996","49.5","10"
"Argentina","1995","48.9","10"
"Argentina","1994","45.9","10"
"Argentina","1993","44.9","10"
"Argentina","1992","45.5","10"
"Argentina","1991","46.8","10"
"Argentina","1987","45.3","10"
"Argentina","1986","42.8","10"
"Argentina","1980","40.8","11"
"Armenia","2021","27.9","12"
"Armenia","2020","25.1","12"
"Armenia","2019","30","12"
"Armenia","2018","34.4","12"
"Armenia","2017","33.6","12"
"Armenia","2016","32.5","12"
"Armenia","2015","32.4","12"
"Armenia","2014","31.5","12"
"Armenia","2013","30.6","12"
"Armenia","2012","29.6","12"
"Armenia","2011","29.4","12"
"Armenia","2010","30","12"
"Armenia","2009","28","12"
"Armenia","2008","29.2","12"
"Armenia","2007","31.2","12"
"Armenia","2006","29.7","12"
"Armenia","2005","36","12"
"Armenia","2004","37.5","12"
"Armenia","2003","33","12"
"Armenia","2002","34.8","12"
"Armenia","2001","35.4","12"
"Armenia","1999","36.2","12"
"Australia","2018","34.3","13"
"Australia","2016","33.7","14"
"Australia","2014","34.4","13"
"Australia","2010","34.7","14"
"Australia","2008","35.4","13"
"Australia","2004","33.1","14"
"Australia","2003","33.5","13"
"Australia","2001","33.5","13"
"Australia","1995","32.6","13"
"Australia","1989","33.2","15"
"Australia","1985","32.5","16"
"Australia","1981","31.3","17"
"Austria","2020","29.8","18"
"Austria","2019","30.2","18"
"Austria","2018","30.8","18"
"Austria","2017","29.7","18"
"Austria","2016","30.8","18"
"Austria","2015","30.5","18"
"Austria","2014","30.5","18"
"Austria","2013","30.8","18"
"Austria","2012","30.5","18"
"Austria","2011","30.8","18"
"Austria","2010","30.3","18"
"Austria","2009","31.5","18"
"Austria","2008","30.4","18"
"Austria","2007","30.6","18"
"Austria","2006","29.6","18"
"Austria","2005","28.7","18"
"Austria","2004","29.8","18"
"Austria","2003","29.5","18"
"Austria","2000","29","19"
"Austria","1999","29.7","19"
"Austria","1998","31.3","19"
"Austria","1997","29.1","19"
"Austria","1996","29.3","19"
"Austria","1995","29.9","20"
"Austria","1994","30.8","19"
"Azerbaijan","2005","26.6","1"
"Azerbaijan","2004","26.6","1"
"Azerbaijan","2003","26.8","1"
"Azerbaijan","2002","25.3","1"
"Azerbaijan","2001","36.5","1"
"Azerbaijan","1995","34.7","21"
"Bangladesh","2022","31.8","22"
"Bangladesh","2016","32.4","22"
"Bangladesh","2010","32.1","22"
"Bangladesh","2005","33.2","22"
"Bangladesh","2000","33.4","22"
"Bangladesh","1995","32.9","23"
"Bangladesh","1991","27.6","23"
"Bangladesh","1988","28.8","24"
"Bangladesh","1985","26.9","24"
"Bangladesh","1983","25.9","24"
"Belarus","2020","24.4","25"
"Belarus","2019","25.3","25"
"Belarus","2018","25.2","25"
"Belarus","2017","25.4","25"
"Belarus","2016","25.3","25"
"Belarus","2015","25.6","25"
"Belarus","2014","27.2","25"
"Belarus","2013","26.6","25"
"Belarus","2012","26.5","25"
"Belarus","2011","27.2","25"
"Belarus","2010","28.6","25"
"Belarus","2009","27.7","25"
"Belarus","2008","27.8","25"
"Belarus","2007","29.6","25"
"Belarus","2006","28.3","25"
"Belarus","2005","27.6","25"
"Belarus","2004","26.5","25"
"Belarus","2003","28.8","25"
"Belarus","2002","30.3","25"
"Belarus","2001","30.6","25"
"Belarus","2000","31.2","25"
"Belarus","1999","31.7","25"
"Belarus","1998","32","25"
"Belgium","2020","26","18"
"Belgium","2019","27.2","18"
"Belgium","2018","27.2","18"
"Belgium","2017","27.4","18"
"Belgium","2016","27.6","18"
"Belgium","2015","27.7","18"
"Belgium","2014","28.1","18"
"Belgium","2013","27.7","18"
"Belgium","2012","27.5","18"
"Belgium","2011","28.1","18"
"Belgium","2010","28.4","18"
"Belgium","2009","28.6","18"
"Belgium","2008","28.4","18"
"Belgium","2007","29.2","18"
"Belgium","2006","28.1","18"
"Belgium","2005","29.3","18"
"Belgium","2004","30.5","18"
"Belgium","2003","28.1","18"
"Belgium","2000","33.1","26"
"Belgium","1997","26.8","27"
"Belgium","1995","28.4","26"
"Belgium","1992","25","27"
"Belgium","1988","25.7","27"
"Belgium","1985","25.2","27"
"Belize","1999","53.3","28"
"Belize","1998","54.9","28"
"Belize","1997","60.4","28"
"Belize","1996","56.6","29"
"Belize","1994","60.9","28"
"Belize","1993","60.3","28"
"Benin","2018","37.9","30"
"Benin","2015","47.8","31"
"Benin","2011","43.4","31"
"Benin","2003","38.6","32"
"Bhutan","2022","28.5","33"
"Bhutan","2017","37.4","33"
"Bhutan","2012","38.8","33"
"Bhutan","2007","38.1","33"
"Bhutan","2003","40.9","33"
"Bolivia","2021","40.9","34"
"Bolivia","2020","43.6","34"
"Bolivia","2019","41.6","34"
"Bolivia","2018","42.6","34"
"Bolivia","2017","44.6","34"
"Bolivia","2016","45.2","34"
"Bolivia","2015","46.7","34"
"Bolivia","2014","47.8","34"
"Bolivia","2013","47.6","34"
"Bolivia","2012","46.6","34"
"Bolivia","2011","46.1","34"
"Bolivia","2009","49.2","34"
"Bolivia","2008","50.8","34"
"Bolivia","2007","54.5","34"
"Bolivia","2006","56.7","34"
"Bolivia","2005","58.5","34"
"Bolivia","2004","55","35"
"Bolivia","2002","59.3","34"
"Bolivia","2001","57.4","34"
"Bolivia","2000","61.6","35"
"Bolivia","1999","58.1","35"
"Bolivia","1997","58.2","36"
"Bosnia and Herzegovina","2011","33","1"
"Bosnia and Herzegovina","2007","33.1","1"
"Bosnia and Herzegovina","2004","34","2"
"Bosnia and Herzegovina","2001","30","2"
"Botswana","2015","53.3","37"
"Botswana","2009","60.5","38"
"Botswana","2002","64.7","22"
"Botswana","1993","60.8","39"
"Botswana","1985","54.2","39"
"Brazil","2021","52.9","40"
"Brazil","2020","48.9","40"
"Brazil","2019","53.5","41"
"Brazil","2018","53.9","41"
"Brazil","2017","53.3","41"
"Brazil","2016","53.3","41"
"Brazil","2015","51.9","41"
"Brazil","2014","52","41"
"Brazil","2013","52.7","41"
"Brazil","2012","53.4","41"
"Brazil","2011","52.9","42"
"Brazil","2009","53.7","42"
"Brazil","2008","54","42"
"Brazil","2007","54.9","42"
"Brazil","2006","55.6","42"
"Brazil","2005","56.3","42"
"Brazil","2004","56.5","42"
"Brazil","2003","57.6","42"
"Brazil","2002","58.1","42"
"Brazil","2001","58.4","42"
"Brazil","1999","59","42"
"Brazil","1998","59.6","42"
"Brazil","1997","59.8","42"
"Brazil","1996","59.9","42"
"Brazil","1995","59.6","42"
"Brazil","1993","60.1","42"
"Brazil","1992","53.2","42"
"Brazil","1990","60.5","42"
"Brazil","1989","63.3","42"
"Brazil","1988","61.4","42"
"Brazil","1987","59.7","42"
"Brazil","1986","58.5","42"
"Brazil","1985","55.6","42"
"Brazil","1984","58.4","42"
"Brazil","1983","59","42"
"Brazil","1982","58.4","42"
"Brazil","1981","57.9","42"
"Bulgaria","2020","40.5","18"
"Bulgaria","2019","40.3","18"
"Bulgaria","2018","41.3","18"
"Bulgaria","2017","40.4","18"
"Bulgaria","2016","40.6","18"
"Bulgaria","2015","38.6","18"
"Bulgaria","2014","37.4","18"
"Bulgaria","2013","36.6","18"
"Bulgaria","2012","36","18"
"Bulgaria","2011","34.3","18"
"Bulgaria","2010","35.7","18"
"Bulgaria","2009","33.8","18"
"Bulgaria","2008","33.6","18"
"Bulgaria","2007","36.1","18"
"Bulgaria","2006","35.7","18"
"Burkina Faso","2018","43","30"
"Burkina Faso","2014","35.3","43"
"Burkina Faso","2009","39.8","44"
"Burkina Faso","2003","43.3","44"
"Burkina Faso","1998","49.9","45"
"Burkina Faso","1994","48.1","46"
"Burundi","2013","38.6","47"
"Burundi","2006","33.4","32"
"Burundi","1998","42.3","48"
"Burundi","1992","33.3","6"
"CÃ´te d'Ivoire","2018","37.2","30"
"CÃ´te d'Ivoire","2015","41.5","49"
"CÃ´te d'Ivoire","2008","43.2","49"
"CÃ´te d'Ivoire","2002","41.3","49"
"CÃ´te d'Ivoire","1998","39","49"
"CÃ´te d'Ivoire","1995","40.6","49"
"CÃ´te d'Ivoire","1992","39.4","48"
"CÃ´te d'Ivoire","1988","36.9","50"
"CÃ´te d'Ivoire","1987","40.5","50"
"CÃ´te d'Ivoire","1986","38","50"
"CÃ´te d'Ivoire","1985","45.5","50"
"Cabo Verde","2015","42.4","51"
"Cabo Verde","2007","47.2","32"
"Cabo Verde","2001","52.5","51"
"Cameroon","2014","46.6","52"
"Cameroon","2007","42.8","53"
"Cameroon","2001","42.1","54"
"Cameroon","1996","44.4","55"
"Canada","2019","31.7","56"
"Canada","2018","32.5","56"
"Canada","2017","33.3","56"
"Canada","2016","32.7","56"
"Canada","2015","33.7","56"
"Canada","2014","33.2","56"
"Canada","2013","33.8","56"
"Canada","2012","33.5","56"
"Canada","2011","32.7","57"
"Canada","2010","33.6","57"
"Canada","2009","34","57"
"Canada","2008","33.9","57"
"Canada","2007","33.8","57"
"Canada","2006","34.1","57"
"Canada","2005","33.6","57"
"Canada","2004","33.8","57"
"Canada","2003","33.8","57"
"Canada","2002","33.6","57"
"Canada","2001","33.6","57"
"Canada","2000","33.4","57"
"Canada","1999","33.1","57"
"Canada","1998","33.2","57"
"Canada","1997","33.1","57"
"Canada","1996","32.8","57"
"Canada","1995","31.5","58"
"Canada","1994","31.3","58"
"Canada","1993","31.7","58"
"Canada","1992","31.6","58"
"Canada","1991","32","58"
"Canada","1990","31.4","58"
"Canada","1989","31","58"
"Canada","1988","31.2","58"
"Canada","1987","31.7","58"
"Canada","1986","31.7","58"
"Canada","1985","33.2","58"
"Canada","1984","33.5","58"
"Canada","1982","32.9","58"
"Canada","1981","33","58"
"Canada","1979","33.5","58"
"Canada","1977","33.7","58"
"Canada","1975","34.1","58"
"Canada","1973","34.9","58"
"Canada","1971","37.3","58"
"Central African Republic","2021","43","30"
"Central African Republic","2008","56.2","59"
"Central African Republic","1992","61.3","60"
"Chad","2018","37.5","30"
"Chad","2011","43.3","61"
"Chad","2003","39.8","62"
"Chile","2020","44.9","63"
"Chile","2017","44.4","63"
"Chile","2015","44.4","63"
"Chile","2013","45.8","63"
"Chile","2011","46","63"
"Chile","2009","47","63"
"Chile","2006","47.3","63"
"Chile","2003","51.5","63"
"Chile","2000","52.8","63"
"Chile","1998","55.5","63"
"Chile","1996","54.9","63"
"Chile","1994","56.4","63"
"Chile","1992","54.8","63"
"Chile","1990","57.2","63"
"Chile","1987","56.2","63"
"China","2020","37.1","64"
"China","2019","38.2","64"
"China","2018","38.5","64"
"China","2017","39.1","64"
"China","2016","38.5","64"
"China","2015","38.6","64"
"China","2014","39.2","64"
"China","2013","39.7","64"
"China","2012","42.2","64"
"China","2011","42.4","65"
"China","2010","43.7","65"
"China","2008","43","65"
"China","2005","40.9","65"
"China","2002","42","65"
"China","1999","38.7","65"
"China","1996","35.2","65"
"China","1993","33.9","65"
"China","1990","32.2","65"
"Colombia","2021","51.5","66"
"Colombia","2020","53.5","66"
"Colombia","2019","51.3","66"
"Colombia","2018","50.4","66"
"Colombia","2017","49.7","66"
"Colombia","2016","50.6","66"
"Colombia","2015","51","66"
"Colombia","2014","52.6","66"
"Colombia","2013","52.6","66"
"Colombia","2012","52.6","66"
"Colombia","2011","53.5","66"
"Colombia","2010","54.6","66"
"Colombia","2009","54.3","66"
"Colombia","2008","55.3","66"
"Colombia","2005","53.9","35"
"Colombia","2004","55","35"
"Colombia","2003","53.6","35"
"Colombia","2002","56","35"
"Colombia","2001","57.5","35"
"Colombia","2000","58.7","67"
"Colombia","1999","58.7","67"
"Colombia","1996","56.9","67"
"Colombia","1992","51.5","67"
"Comoros","2014","45.3","68"
"Comoros","2004","55.9","69"
"Congo","2011","48.9","70"
"Congo","2005","47.3","70"
"Costa Rica","2022","47.2","71"
"Costa Rica","2021","48.7","71"
"Costa Rica","2020","49.2","71"
"Costa Rica","2019","48.2","71"
"Costa Rica","2018","48","71"
"Costa Rica","2017","48.3","71"
"Costa Rica","2016","48.7","71"
"Costa Rica","2015","48.4","71"
"Costa Rica","2014","48.6","71"
"Costa Rica","2013","49.2","71"
"Costa Rica","2012","48.4","71"
"Costa Rica","2011","48.8","71"
"Costa Rica","2010","48","71"
"Costa Rica","2009","50.6","72"
"Costa Rica","2008","48.6","72"
"Costa Rica","2007","49.3","72"
"Costa Rica","2006","49.3","72"
"Costa Rica","2005","47.5","72"
"Costa Rica","2004","48.4","72"
"Costa Rica","2003","49.3","72"
"Costa Rica","2002","51.8","72"
"Costa Rica","2001","51.5","72"
"Costa Rica","2000","47.4","72"
"Costa Rica","1999","47.7","72"
"Costa Rica","1998","45.7","72"
"Costa Rica","1997","45.6","72"
"Costa Rica","1996","46.5","72"
"Costa Rica","1995","45.7","72"
"Costa Rica","1994","46.8","72"
"Costa Rica","1993","46","72"
"Costa Rica","1992","45.7","72"
"Costa Rica","1991","46.6","72"
"Costa Rica","1990","45.3","72"
"Costa Rica","1989","45.6","72"
"Costa Rica","1986","34.4","73"
"Costa Rica","1981","47.5","73"
"Croatia","2020","29.5","18"
"Croatia","2019","28.9","18"
"Croatia","2018","29.7","18"
"Croatia","2017","30.4","18"
"Croatia","2016","30.9","18"
"Croatia","2015","31.1","18"
"Croatia","2014","32.1","18"
"Croatia","2013","32","18"
"Croatia","2012","32.5","18"
"Croatia","2011","32.3","18"
"Croatia","2010","32.4","18"
"Croatia","2009","32.6","18"
"Cyprus","2020","31.7","18"
"Cyprus","2019","31.2","18"
"Cyprus","2018","32.7","18"
"Cyprus","2017","31.4","18"
"Cyprus","2016","32.9","18"
"Cyprus","2015","34","18"
"Cyprus","2014","35.6","18"
"Cyprus","2013","37","18"
"Cyprus","2012","34.3","18"
"Cyprus","2011","32.6","18"
"Cyprus","2010","31.5","18"
"Cyprus","2009","32.1","18"
"Cyprus","2008","31.7","18"
"Cyprus","2007","31.1","18"
"Cyprus","2006","31.1","18"
"Cyprus","2005","30.3","18"
"Cyprus","2004","30.1","18"
"Czechia","2020","26.2","18"
"Czechia","2019","25.3","18"
"Czechia","2018","25","18"
"Czechia","2017","24.9","18"
"Czechia","2016","25.4","18"
"Czechia","2015","25.9","18"
"Czechia","2014","25.9","18"
"Czechia","2013","26.5","18"
"Czechia","2012","26.1","18"
"Czechia","2011","26.4","18"
"Czechia","2010","26.6","18"
"Czechia","2009","26.2","18"
"Czechia","2008","26.3","18"
"Czechia","2007","26","18"
"Czechia","2006","26.7","18"
"Czechia","2005","26.9","18"
"Czechia","2004","27.5","18"
"Czechia","2002","26.6","20"
"Czechia","1996","25.8","20"
"Czechia","1993","26.6","74"
"Czechia","1992","20.7","20"
"Dem. Rep. Congo","2012","42.1","75"
"Dem. Rep. Congo","2004","42.2","75"
"Denmark","2020","27.5","18"
"Denmark","2019","27.7","18"
"Denmark","2018","28.2","18"
"Denmark","2017","28.7","18"
"Denmark","2016","28.2","18"
"Denmark","2015","28.2","18"
"Denmark","2014","28.4","18"
"Denmark","2013","28.5","18"
"Denmark","2012","27.8","18"
"Denmark","2011","27.3","18"
"Denmark","2010","27.2","18"
"Denmark","2009","26.7","18"
"Denmark","2008","25.2","18"
"Denmark","2007","26.2","18"
"Denmark","2006","25.9","18"
"Denmark","2005","25.2","18"
"Denmark","2004","24.9","18"
"Denmark","2003","25.6","18"
"Denmark","2000","23.8","76"
"Denmark","1995","23","76"
"Denmark","1992","24.7","76"
"Denmark","1987","26.2","76"
"Djibouti","2017","41.6","77"
"Djibouti","2013","44.1","77"
"Djibouti","2012","45.1","77"
"Djibouti","2002","40","77"
"Dominican Republic","2021","38.5","78"
"Dominican Republic","2020","39.6","78"
"Dominican Republic","2019","41.9","78"
"Dominican Republic","2018","43.7","78"
"Dominican Republic","2017","42.2","78"
"Dominican Republic","2016","45.7","79"
"Dominican Republic","2015","45.2","79"
"Dominican Republic","2014","44.3","79"
"Dominican Republic","2013","47.7","79"
"Dominican Republic","2012","46.1","79"
"Dominican Republic","2011","47.7","79"
"Dominican Republic","2010","47.3","79"
"Dominican Republic","2009","48.9","79"
"Dominican Republic","2008","48.1","79"
"Dominican Republic","2007","48.9","79"
"Dominican Republic","2006","52","79"
"Dominican Republic","2005","50","79"
"Dominican Republic","2004","52.1","79"
"Dominican Republic","2003","52.1","79"
"Dominican Republic","2002","49.7","79"
"Dominican Republic","2001","50","79"
"Dominican Republic","2000","51.5","79"
"Dominican Republic","1997","48.9","79"
"Dominican Republic","1996","47.4","79"
"Dominican Republic","1992","51.4","80"
"Dominican Republic","1989","50.5","81"
"Dominican Republic","1986","47.8","81"
"Ecuador","2022","45.5","82"
"Ecuador","2021","45.8","82"
"Ecuador","2020","47.3","82"
"Ecuador","2019","45.7","82"
"Ecuador","2018","45.4","82"
"Ecuador","2017","44.7","82"
"Ecuador","2016","45","82"
"Ecuador","2015","46","82"
"Ecuador","2014","45","82"
"Ecuador","2013","46.9","82"
"Ecuador","2012","46.1","82"
"Ecuador","2011","45.9","82"
"Ecuador","2010","48.8","82"
"Ecuador","2009","48.5","82"
"Ecuador","2008","49.8","82"
"Ecuador","2007","53.4","82"
"Ecuador","2006","52.3","82"
"Ecuador","2005","53.1","82"
"Ecuador","2004","53.9","82"
"Ecuador","2003","53.5","82"
"Ecuador","2000","56.4","83"
"Ecuador","1999","58.6","84"
"Ecuador","1994","53.4","84"
"Egypt","2019","31.9","85"
"Egypt","2017","31.5","85"
"Egypt","2015","31.8","85"
"Egypt","2012","28.3","85"
"Egypt","2010","30.2","85"
"Egypt","2008","31.1","85"
"Egypt","2004","31.8","85"
"Egypt","1999","32.8","86"
"Egypt","1995","30.1","86"
"Egypt","1990","32","86"
"El Salvador","2022","38.8","72"
"El Salvador","2021","39","72"
"El Salvador","2019","38.8","72"
"El Salvador","2018","38.6","72"
"El Salvador","2017","38","72"
"El Salvador","2016","40","72"
"El Salvador","2015","40.6","72"
"El Salvador","2014","41.6","72"
"El Salvador","2013","43.4","72"
"El Salvador","2012","41.8","72"
"El Salvador","2011","42.3","72"
"El Salvador","2010","43.5","72"
"El Salvador","2009","45.8","72"
"El Salvador","2008","46.9","72"
"El Salvador","2007","45.2","72"
"El Salvador","2006","45.7","72"
"El Salvador","2005","48.5","72"
"El Salvador","2004","47.8","72"
"El Salvador","2003","50.5","72"
"El Salvador","2002","51.9","72"
"El Salvador","2001","51.4","72"
"El Salvador","2000","51.5","72"
"El Salvador","1999","52.2","72"
"El Salvador","1998","54.5","72"
"El Salvador","1996","51","72"
"El Salvador","1995","49.9","72"
"El Salvador","1991","54","72"
"Estonia","2020","30.7","18"
"Estonia","2019","30.8","18"
"Estonia","2018","30.3","18"
"Estonia","2017","30.4","18"
"Estonia","2016","31.2","18"
"Estonia","2015","32.7","18"
"Estonia","2014","34.6","18"
"Estonia","2013","35.1","18"
"Estonia","2012","32.9","18"
"Estonia","2011","32.5","18"
"Estonia","2010","32","18"
"Estonia","2009","31.4","18"
"Estonia","2008","31.9","18"
"Estonia","2007","31.2","18"
"Estonia","2006","33.7","18"
"Estonia","2005","33.4","18"
"Estonia","2004","33.6","18"
"Estonia","2003","37.2","18"
"Eswatini","2016","54.6","22"
"Eswatini","2009","51.5","22"
"Eswatini","2000","53.1","22"
"Eswatini","1994","60.5","39"
"Ethiopia","2015","35","87"
"Ethiopia","2010","33.2","87"
"Ethiopia","2004","29.8","87"
"Ethiopia","1999","30","87"
"Ethiopia","1995","44.6","87"
"Fiji","2019","30.7","22"
"Fiji","2013","36.7","22"
"Fiji","2008","40.4","22"
"Fiji","2002","38.1","22"
"Finland","2020","27.1","18"
"Finland","2019","27.7","18"
"Finland","2018","27.3","18"
"Finland","2017","27.4","18"
"Finland","2016","27.1","18"
"Finland","2015","27.1","18"
"Finland","2014","26.8","18"
"Finland","2013","27.2","18"
"Finland","2012","27.1","18"
"Finland","2011","27.6","18"
"Finland","2010","27.7","18"
"Finland","2009","27.5","18"
"Finland","2008","27.8","18"
"Finland","2007","28.3","18"
"Finland","2006","28","18"
"Finland","2005","27.6","18"
"Finland","2004","27.9","18"
"Finland","2003","27.7","18"
"Finland","2000","27.2","16"
"Finland","1995","23.5","16"
"Finland","1991","22.9","16"
"Finland","1987","22.2","16"
"France","2020","30.7","18"
"France","2019","31.2","18"
"France","2018","32.4","18"
"France","2017","31.6","18"
"France","2016","31.9","18"
"France","2015","32.7","18"
"France","2014","32.3","18"
"France","2013","32.5","18"
"France","2012","33.1","18"
"France","2011","33.3","18"
"France","2010","33.7","18"
"France","2009","32.7","18"
"France","2008","33","18"
"France","2007","32.4","18"
"France","2006","29.7","18"
"France","2005","29.8","18"
"France","2004","30.6","18"
"France","2003","31.4","18"
"France","2002","31.8","88"
"France","2001","32.5","88"
"France","2000","32.6","88"
"France","1999","32.5","88"
"France","1998","31.7","88"
"France","1997","31.9","88"
"France","1996","32","88"
"France","1990","32.1","89"
"France","1984","33.4","89"
"France","1979","34","89"
"France","1975","35.9","89"
"France","1970","37.1","89"
"Gabon","2017","38","90"
"Gabon","2005","42.2","90"
"Georgia","2021","34.2","91"
"Georgia","2020","34.5","91"
"Georgia","2019","35.9","91"
"Georgia","2018","36.4","91"
"Georgia","2017","37.9","91"
"Georgia","2016","36.6","91"
"Georgia","2015","36.5","91"
"Georgia","2014","37.6","91"
"Georgia","2013","38.6","91"
"Georgia","2012","39","91"
"Georgia","2011","39.6","91"
"Georgia","2010","39.5","91"
"Georgia","2009","38.2","91"
"Georgia","2008","38.5","91"
"Georgia","2007","38.1","91"
"Georgia","2006","36.9","91"
"Georgia","2005","37.4","91"
"Georgia","2004","36.2","91"
"Georgia","2003","36.7","91"
"Georgia","2002","37.2","91"
"Georgia","2001","39.6","91"
"Georgia","2000","40.5","91"
"Georgia","1999","40.1","91"
"Georgia","1998","41.3","91"
"Georgia","1997","40.7","91"
"Georgia","1996","37.1","92"
"Germany","2019","31.7","93"
"Germany","2018","31.8","93"
"Germany","2017","31.9","93"
"Germany","2016","31.4","93"
"Germany","2015","31.4","93"
"Germany","2014","30.9","93"
"Germany","2013","31.5","93"
"Germany","2012","31.1","93"
"Germany","2011","30.7","93"
"Germany","2010","30.3","93"
"Germany","2009","30.5","93"
"Germany","2008","30.9","93"
"Germany","2007","31.1","93"
"Germany","2006","31","93"
"Germany","2005","31.6","93"
"Germany","2004","30.2","93"
"Germany","2003","29.9","93"
"Germany","2002","29.9","93"
"Germany","2001","29.9","93"
"Germany","2000","28.8","93"
"Germany","1999","29","93"
"Germany","1998","28.1","93"
"Germany","1997","28.3","93"
"Germany","1996","28","93"
"Germany","1995","28.7","93"
"Germany","1994","29.2","93"
"Germany","1993","28.5","93"
"Germany","1992","29","93"
"Germany","1991","29.5","93"
"Ghana","2016","43.5","94"
"Ghana","2012","42.4","95"
"Ghana","2005","42.8","96"
"Ghana","1998","40.1","97"
"Ghana","1991","38.4","98"
"Ghana","1988","36","99"
"Ghana","1987","35.3","100"
"Greece","2020","33.6","18"
"Greece","2019","33.1","18"
"Greece","2018","32.9","18"
"Greece","2017","34.4","18"
"Greece","2016","35","18"
"Greece","2015","36","18"
"Greece","2014","35.8","18"
"Greece","2013","36.1","18"
"Greece","2012","36.3","18"
"Greece","2011","34.8","18"
"Greece","2010","34.1","18"
"Greece","2009","33.6","18"
"Greece","2008","33.6","18"
"Greece","2007","34","18"
"Greece","2006","35.1","18"
"Greece","2005","34.6","18"
"Greece","2004","33.6","18"
"Greece","2003","32.8","18"
"Greece","2000","34.2","19"
"Greece","1995","37","19"
"Guatemala","2014","48.3","101"
"Guatemala","2006","54.6","101"
"Guatemala","2000","54.2","101"
"Guatemala","1989","59.6","102"
"Guatemala","1986","58.3","102"
"Guinea","2018","29.6","103"
"Guinea","2012","33.7","104"
"Guinea","2007","39.4","104"
"Guinea","2002","43","105"
"Guinea","1994","46.1","106"
"Guinea","1991","46.8","107"
"Guinea-Bissau","2018","34.8","30"
"Guinea-Bissau","2010","50.7","108"
"Guinea-Bissau","2002","35.6","109"
"Guinea-Bissau","1993","43.6","110"
"Guyana","1998","45.1","111"
"Haiti","2012","41.1","112"
"Honduras","2019","48.2","113"
"Honduras","2018","48.9","113"
"Honduras","2017","49.4","113"
"Honduras","2016","49.8","113"
"Honduras","2015","49.2","113"
"Honduras","2014","49.9","113"
"Honduras","2013","50","113"
"Honduras","2012","53.4","113"
"Honduras","2011","52.6","113"
"Honduras","2010","53.1","113"
"Honduras","2009","51.3","113"
"Honduras","2008","55.5","113"
"Honduras","2007","55.8","113"
"Honduras","2006","57.5","113"
"Honduras","2005","59.5","113"
"Honduras","2004","58.1","113"
"Honduras","2003","58.1","113"
"Honduras","2002","55.7","113"
"Honduras","2001","55.4","113"
"Honduras","1999","55.4","113"
"Honduras","1998","57.4","113"
"Honduras","1997","52.7","113"
"Honduras","1996","55.7","113"
"Honduras","1995","55.5","113"
"Honduras","1994","55","113"
"Honduras","1993","53.5","113"
"Honduras","1992","51.8","113"
"Honduras","1991","51.9","113"
"Honduras","1990","57.4","114"
"Honduras","1989","59.5","114"
"Hungary","2020","29.7","18"
"Hungary","2019","30","18"
"Hungary","2018","29.6","18"
"Hungary","2017","30.6","18"
"Hungary","2016","30.3","18"
"Hungary","2015","30.4","18"
"Hungary","2014","30.9","18"
"Hungary","2013","31.5","18"
"Hungary","2012","30.8","18"
"Hungary","2011","29.2","18"
"Hungary","2010","29.4","18"
"Hungary","2009","27","18"
"Hungary","2008","27.5","18"
"Hungary","2007","27.9","18"
"Hungary","2006","28.3","18"
"Hungary","2005","34.7","18"
"Hungary","2004","29.9","18"
"Iceland","2017","26.1","18"
"Iceland","2016","27.2","18"
"Iceland","2015","26.8","18"
"Iceland","2014","27.8","18"
"Iceland","2013","25.4","18"
"Iceland","2012","26.8","18"
"Iceland","2011","26.8","18"
"Iceland","2010","26.2","18"
"Iceland","2009","28.7","18"
"Iceland","2008","31.8","18"
"Iceland","2007","29.5","18"
"Iceland","2006","30.2","18"
"Iceland","2005","29","18"
"Iceland","2004","28","18"
"Iceland","2003","26.8","18"
"India","2021","34.2","115"
"India","2020","34.8","115"
"India","2019","35","115"
"India","2018","34.6","115"
"India","2017","35.9","115"
"India","2016","34.8","115"
"India","2015","34.7","115"
"India","2011","35.7","116"
"India","2009","35.4","116"
"India","2004","34.4","116"
"India","1993","31.7","116"
"India","1987","32.6","117"
"India","1983","32.1","118"
"India","1977","33.3","118"
"Indonesia","2022","37.9","119"
"Indonesia","2021","37.9","119"
"Indonesia","2020","37.6","119"
"Indonesia","2019","37.6","119"
"Indonesia","2018","38.4","119"
"Indonesia","2017","38.8","119"
"Indonesia","2016","39.3","119"
"Indonesia","2015","40.4","119"
"Indonesia","2014","40.2","119"
"Indonesia","2013","40.8","119"
"Indonesia","2012","40.5","119"
"Indonesia","2011","40.5","119"
"Indonesia","2010","37.2","119"
"Indonesia","2009","36","119"
"Indonesia","2008","36.1","119"
"Indonesia","2007","36.7","119"
"Indonesia","2006","35.3","119"
"Indonesia","2005","34.1","119"
"Indonesia","2004","33.9","119"
"Indonesia","2003","33","119"
"Indonesia","2002","32.8","119"
"Indonesia","2001","30","119"
"Indonesia","2000","29.5","119"
"Indonesia","1999","32.1","119"
"Indonesia","1998","32.2","119"
"Indonesia","1996","35.6","119"
"Indonesia","1993","33.2","119"
"Indonesia","1990","32.3","120"
"Indonesia","1987","31.4","120"
"Indonesia","1984","33.5","120"
"Iran","2019","40.9","121"
"Iran","2018","42","121"
"Iran","2017","40.8","121"
"Iran","2016","40","121"
"Iran","2015","39.5","121"
"Iran","2014","38.8","121"
"Iran","2013","37.4","121"
"Iran","2009","42.1","121"
"Iran","2006","44.8","121"
"Iran","2005","43.6","121"
"Iran","1998","44.1","122"
"Iran","1994","43","122"
"Iran","1990","43.6","122"
"Iran","1986","47.4","122"
"Iraq","2012","29.5","123"
"Iraq","2006","28.6","123"
"Ireland","2020","29.2","18"
"Ireland","2019","30.8","18"
"Ireland","2018","30.6","18"
"Ireland","2017","31.4","18"
"Ireland","2016","32.8","18"
"Ireland","2015","31.8","18"
"Ireland","2014","31.9","18"
"Ireland","2013","33.5","18"
"Ireland","2012","33.2","18"
"Ireland","2011","32.9","18"
"Ireland","2010","32.3","18"
"Ireland","2009","32.7","18"
"Ireland","2008","30.9","18"
"Ireland","2007","31.9","18"
"Ireland","2006","32.7","18"
"Ireland","2005","33.8","18"
"Ireland","2004","33.6","18"
"Ireland","2003","32.9","18"
"Ireland","2002","32.3","124"
"Ireland","2000","33","125"
"Ireland","1996","35.6","125"
"Ireland","1995","37","125"
"Ireland","1994","36.9","125"
"Ireland","1987","35.5","126"
"Israel","2018","38.6","127"
"Israel","2017","38.2","127"
"Israel","2016","39","127"
"Israel","2015","39.7","127"
"Israel","2014","39.8","127"
"Israel","2013","40.2","127"
"Israel","2012","41.6","127"
"Israel","2011","41.4","127"
"Israel","2010","42.5","127"
"Israel","2009","42.6","127"
"Israel","2008","41.6","127"
"Israel","2007","41.1","127"
"Israel","2006","41.6","127"
"Israel","2005","42.3","127"
"Israel","2004","41.5","127"
"Israel","2003","40.7","127"
"Israel","2002","39.6","127"
"Israel","2001","38.9","127"
"Israel","1997","38.1","127"
"Israel","1992","35.5","127"
"Israel","1986","36.5","127"
"Israel","1979","36.3","127"
"Italy","2020","35.2","18"
"Italy","2019","34.6","18"
"Italy","2018","35.2","18"
"Italy","2017","35.9","18"
"Italy","2016","35.2","18"
"Italy","2015","35.4","18"
"Italy","2014","34.7","18"
"Italy","2013","34.9","18"
"Italy","2012","35.2","18"
"Italy","2011","35.1","18"
"Italy","2010","34.7","18"
"Italy","2009","33.8","18"
"Italy","2008","33.8","18"
"Italy","2007","32.9","18"
"Italy","2006","33.7","18"
"Italy","2005","33.8","18"
"Italy","2004","34.3","18"
"Italy","2003","34.9","18"
"Italy","2000","35.3","128"
"Italy","1998","36.7","128"
"Italy","1995","35.2","128"
"Italy","1993","35.5","128"
"Italy","1991","31.5","128"
"Italy","1989","32.6","128"
"Italy","1987","34.5","128"
"Italy","1986","32.5","128"
"Jamaica","2004","45.5","21"
"Jamaica","2002","48.3","21"
"Jamaica","1999","44.1","21"
"Jamaica","1996","40.4","21"
"Jamaica","1993","35.7","129"
"Jamaica","1990","41.1","21"
"Jamaica","1988","43.2","129"
"Japan","2013","32.9","130"
"Japan","2010","32.1","130"
"Japan","2008","34.8","130"
"Jordan","2010","33.7","121"
"Jordan","2008","32.6","121"
"Jordan","2006","33.9","121"
"Jordan","2002","37","121"
"Jordan","1997","36.4","131"
"Jordan","1992","43.4","131"
"Jordan","1986","36.1","131"
"Kazakhstan","2018","27.8","1"
"Kazakhstan","2017","27.5","1"
"Kazakhstan","2016","27.2","1"
"Kazakhstan","2015","26.8","1"
"Kazakhstan","2014","27","1"
"Kazakhstan","2013","27.1","1"
"Kazakhstan","2012","28.2","1"
"Kazakhstan","2011","28","1"
"Kazakhstan","2010","28","1"
"Kazakhstan","2009","28.2","1"
"Kazakhstan","2008","28.5","1"
"Kazakhstan","2007","30.1","1"
"Kazakhstan","2006","30.2","1"
"Kazakhstan","2005","39.8","1"
"Kazakhstan","2004","31.8","1"
"Kazakhstan","2003","33.7","1"
"Kazakhstan","2002","34.8","1"
"Kazakhstan","2001","36","1"
"Kazakhstan","1996","35.4","2"
"Kenya","2021","38.7","132"
"Kenya","2020","36.2","132"
"Kenya","2015","40.8","133"
"Kenya","2005","46.5","133"
"Kenya","1997","45","134"
"Kenya","1994","43.1","135"
"Kenya","1992","57.5","136"
"Kiribati","2019","27.8","137"
"Kiribati","2006","37","137"
"Korea","2016","31.4","138"
"Korea","2014","31.2","138"
"Korea","2012","31.6","138"
"Korea","2010","32","138"
"Korea","2008","32.3","138"
"Korea","2006","31.7","138"
"Kosovo","2017","29","1"
"Kosovo","2016","26.7","1"
"Kosovo","2015","26.5","1"
"Kosovo","2014","27.3","1"
"Kosovo","2013","26.3","1"
"Kosovo","2012","29","1"
"Kosovo","2011","27.8","1"
"Kosovo","2010","33.3","1"
"Kosovo","2009","31.8","1"
"Kosovo","2006","30.3","1"
"Kosovo","2005","31.2","1"
"Kosovo","2003","29","1"
"Kyrgyz Republic","2020","29","139"
"Kyrgyz Republic","2019","29.7","139"
"Kyrgyz Republic","2018","27.7","139"
"Kyrgyz Republic","2017","27.3","139"
"Kyrgyz Republic","2016","26.8","139"
"Kyrgyz Republic","2015","29","139"
"Kyrgyz Republic","2014","26.8","139"
"Kyrgyz Republic","2013","28.8","139"
"Kyrgyz Republic","2012","27.4","139"
"Kyrgyz Republic","2011","27.8","139"
"Kyrgyz Republic","2010","30.1","139"
"Kyrgyz Republic","2009","29.9","139"
"Kyrgyz Republic","2008","31.5","139"
"Kyrgyz Republic","2007","33.9","139"
"Kyrgyz Republic","2006","37.4","139"
"Kyrgyz Republic","2005","32.6","139"
"Kyrgyz Republic","2004","34.8","139"
"Kyrgyz Republic","2003","28.7","1"
"Kyrgyz Republic","2002","30.3","1"
"Kyrgyz Republic","2001","30.2","1"
"Kyrgyz Republic","2000","31","1"
"Lao PDR","2018","38.8","140"
"Lao PDR","2012","36","140"
"Lao PDR","2007","35.4","140"
"Lao PDR","2002","32.6","140"
"Lao PDR","1997","34.9","140"
"Lao PDR","1992","34.3","140"
"Latvia","2020","35.7","18"
"Latvia","2019","34.5","18"
"Latvia","2018","35.1","18"
"Latvia","2017","35.6","18"
"Latvia","2016","34.3","18"
"Latvia","2015","34.2","18"
"Latvia","2014","35.1","18"
"Latvia","2013","35.5","18"
"Latvia","2012","35.2","18"
"Latvia","2011","35.8","18"
"Latvia","2010","35","18"
"Latvia","2009","36","18"
"Latvia","2008","37.2","18"
"Latvia","2007","37.5","18"
"Latvia","2006","35.6","18"
"Latvia","2005","39","18"
"Latvia","2004","36.4","18"
"Lebanon","2011","31.8","1"
"Lesotho","2017","44.9","141"
"Lesotho","2002","51.6","1"
"Lesotho","1994","63.2","142"
"Lesotho","1986","56","143"
"Liberia","2016","35.3","22"
"Liberia","2014","33.2","22"
"Liberia","2007","36.5","144"
"Lithuania","2020","36","18"
"Lithuania","2019","35.3","18"
"Lithuania","2018","35.7","18"
"Lithuania","2017","37.3","18"
"Lithuania","2016","38.4","18"
"Lithuania","2015","37.4","18"
"Lithuania","2014","37.7","18"
"Lithuania","2013","35.3","18"
"Lithuania","2012","35.1","18"
"Lithuania","2011","32.5","18"
"Lithuania","2010","33.6","18"
"Lithuania","2009","37.2","18"
"Lithuania","2008","35.7","18"
"Lithuania","2007","34.8","18"
"Lithuania","2006","34.4","18"
"Lithuania","2005","35.3","18"
"Lithuania","2004","37","18"
"Luxembourg","2020","33.4","18"
"Luxembourg","2019","34.2","18"
"Luxembourg","2018","35.4","18"
"Luxembourg","2017","34.5","18"
"Luxembourg","2016","31.7","18"
"Luxembourg","2015","32.9","18"
"Luxembourg","2014","31.2","18"
"Luxembourg","2013","32","18"
"Luxembourg","2012","34.3","18"
"Luxembourg","2011","32.1","18"
"Luxembourg","2010","30.5","18"
"Luxembourg","2009","31.2","18"
"Luxembourg","2008","32.6","18"
"Luxembourg","2007","31.1","18"
"Luxembourg","2006","30.9","18"
"Luxembourg","2005","30.8","18"
"Luxembourg","2004","30.2","18"
"Luxembourg","2003","30.2","18"
"Luxembourg","2002","31","145"
"Luxembourg","2001","30.9","146"
"Luxembourg","2000","30.1","146"
"Luxembourg","1999","30","146"
"Luxembourg","1998","30.6","146"
"Luxembourg","1997","29.6","146"
"Luxembourg","1996","29","146"
"Luxembourg","1995","28.3","146"
"Luxembourg","1994","28.1","146"
"Luxembourg","1993","27","147"
"Luxembourg","1992","27.3","147"
"Luxembourg","1991","27.2","147"
"Luxembourg","1990","27.7","147"
"Luxembourg","1989","30.8","147"
"Luxembourg","1988","28.8","147"
"Luxembourg","1987","29.5","147"
"Luxembourg","1986","28.1","147"
"Luxembourg","1985","26.3","147"
"Madagascar","2012","42.6","148"
"Madagascar","2010","42.4","149"
"Madagascar","2005","39.9","149"
"Madagascar","2001","47.4","149"
"Madagascar","1999","38.6","149"
"Madagascar","1997","39.5","149"
"Madagascar","1993","45.3","149"
"Madagascar","1980","46.8","150"
"Malawi","2019","38.5","151"
"Malawi","2016","44.7","152"
"Malawi","2010","45.5","153"
"Malawi","2004","39.9","154"
"Malawi","1997","65.8","155"
"Malaysia","2018","41.2","156"
"Malaysia","2015","41.1","157"
"Malaysia","2013","41.3","157"
"Malaysia","2011","43.9","157"
"Malaysia","2008","45.5","157"
"Malaysia","2006","44.8","157"
"Malaysia","2003","46.4","157"
"Malaysia","1997","49.1","158"
"Malaysia","1995","48.5","158"
"Malaysia","1992","47.7","158"
"Malaysia","1989","46.2","158"
"Malaysia","1987","47","158"
"Malaysia","1984","48.6","158"
"Maldives","2019","29.3","22"
"Maldives","2016","31.3","22"
"Maldives","2009","38.4","22"
"Maldives","2002","41.3","22"
"Mali","2018","36","30"
"Mali","2009","33","159"
"Mali","2006","38.9","159"
"Mali","2001","39.9","160"
"Mali","1994","50.4","161"
"Malta","2020","31.4","18"
"Malta","2019","31","18"
"Malta","2018","28.7","18"
"Malta","2017","29.2","18"
"Malta","2016","29.1","18"
"Malta","2015","29.4","18"
"Malta","2014","29","18"
"Malta","2013","28.8","18"
"Malta","2012","29.4","18"
"Malta","2011","29.1","18"
"Malta","2010","29","18"
"Malta","2009","30.2","18"
"Malta","2008","29","18"
"Malta","2007","29.2","18"
"Malta","2006","28","18"
"Marshall Islands","2019","35.5","22"
"Mauritania","2014","32.6","162"
"Mauritania","2008","35.7","162"
"Mauritania","2004","40.2","162"
"Mauritania","2000","39","162"
"Mauritania","1995","37.7","162"
"Mauritania","1993","50.1","163"
"Mauritania","1987","43.9","164"
"Mauritius","2017","36.8","1"
"Mauritius","2012","38.5","1"
"Mauritius","2006","35.7","1"
"Mexico","2020","45.4","165"
"Mexico","2018","46.7","165"
"Mexico","2016","47.7","165"
"Mexico","2014","48.7","166"
"Mexico","2012","48.7","166"
"Mexico","2010","47.2","166"
"Mexico","2008","49.9","166"
"Mexico","2006","48.9","166"
"Mexico","2005","50.1","166"
"Mexico","2004","50","166"
"Mexico","2002","50.1","166"
"Mexico","2000","52.6","166"
"Mexico","1998","51.7","166"
"Mexico","1996","53.6","166"
"Mexico","1994","52.8","166"
"Mexico","1992","52.6","166"
"Mexico","1989","50.6","166"
"Micronesia","2013","40.1","22"
"Micronesia","2005","42.4","22"
"Moldova","2021","25.7","1"
"Moldova","2019","26","1"
"Moldova","2018","25.7","1"
"Moldova","2017","25.9","1"
"Moldova","2016","26.3","1"
"Moldova","2015","27","1"
"Moldova","2014","26.8","1"
"Moldova","2013","28.5","1"
"Moldova","2012","29.2","1"
"Moldova","2011","30.6","1"
"Moldova","2010","32.1","1"
"Moldova","2009","32.9","1"
"Moldova","2008","34.7","1"
"Moldova","2007","34.4","1"
"Moldova","2006","35.4","1"
"Moldova","2005","36.3","1"
"Moldova","2004","35","1"
"Moldova","2003","34.9","1"
"Moldova","2002","35.8","1"
"Moldova","2001","38","1"
"Moldova","2000","36.4","1"
"Moldova","1999","42.6","1"
"Moldova","1998","39.5","1"
"Moldova","1997","36.9","1"
"Mongolia","2018","32.7","167"
"Mongolia","2016","32.3","167"
"Mongolia","2014","32","167"
"Mongolia","2012","33.8","167"
"Mongolia","2011","33.9","167"
"Mongolia","2010","33.1","167"
"Mongolia","2007","35.8","167"
"Mongolia","2002","32.9","168"
"Mongolia","1998","30.3","169"
"Mongolia","1995","33.2","169"
"Montenegro","2018","36.8","170"
"Montenegro","2017","36.9","170"
"Montenegro","2016","38.5","170"
"Montenegro","2015","39","170"
"Montenegro","2014","38.8","170"
"Montenegro","2013","39","170"
"Montenegro","2012","41.2","170"
"Morocco","2013","39.5","171"
"Morocco","2006","40.7","172"
"Morocco","2000","40.6","171"
"Morocco","1998","39.4","172"
"Morocco","1990","39.2","172"
"Morocco","1984","39.2","173"
"Mozambique","2019","50.5","174"
"Mozambique","2014","54","174"
"Mozambique","2008","45.6","174"
"Mozambique","2002","47","175"
"Mozambique","1996","53.6","176"
"Myanmar","2017","30.7","177"
"Myanmar","2015","38.1","178"
"Namibia","2015","59.1","179"
"Namibia","2009","61","179"
"Namibia","2003","63.3","179"
"Nauru","2012","32.4","22"
"Nepal","2010","32.8","180"
"Nepal","2003","43.8","181"
"Nepal","1995","35.2","182"
"Netherlands","2020","26","18"
"Netherlands","2019","29.2","18"
"Netherlands","2018","28.1","18"
"Netherlands","2017","28.5","18"
"Netherlands","2016","28.2","18"
"Netherlands","2015","28.2","18"
"Netherlands","2014","28.6","18"
"Netherlands","2013","28.1","18"
"Netherlands","2012","27.6","18"
"Netherlands","2011","27.8","18"
"Netherlands","2010","27.8","18"
"Netherlands","2009","27.9","18"
"Netherlands","2008","29.3","18"
"Netherlands","2007","29.6","18"
"Netherlands","2006","30","18"
"Netherlands","2005","29","18"
"Netherlands","2004","29.8","18"
"Netherlands","1999","28.1","27"
"Netherlands","1993","30.4","27"
"Netherlands","1990","31.1","183"
"Netherlands","1987","26.8","183"
"Netherlands","1983","28.4","183"
"Nicaragua","2014","46.2","184"
"Nicaragua","2009","43.9","184"
"Nicaragua","2005","48.8","184"
"Nicaragua","2001","52.9","184"
"Nicaragua","1998","54.4","184"
"Nicaragua","1993","57.4","184"
"Niger","2018","37.3","30"
"Niger","2014","34.3","185"
"Niger","2011","31.5","185"
"Niger","2007","37.3","186"
"Niger","2005","44.4","187"
"Niger","1994","41.5","188"
"Niger","1992","36.1","189"
"Nigeria","2018","35.1","190"
"Nigeria","2015","35.9","191"
"Nigeria","2012","35.5","192"
"Nigeria","2010","35.7","193"
"Nigeria","2003","40.1","190"
"Nigeria","1996","51.9","194"
"Nigeria","1992","45","194"
"Nigeria","1985","38.7","195"
"North Macedonia","2019","33.5","170"
"North Macedonia","2018","33","170"
"North Macedonia","2017","34.2","170"
"North Macedonia","2016","34.5","170"
"North Macedonia","2015","35.6","170"
"North Macedonia","2014","35.2","170"
"North Macedonia","2013","36.2","170"
"North Macedonia","2012","38.1","170"
"North Macedonia","2011","39.4","170"
"North Macedonia","2010","40.2","170"
"North Macedonia","2009","42.8","170"
"Norway","2019","27.7","18"
"Norway","2018","27.6","18"
"Norway","2017","27","18"
"Norway","2016","28.5","18"
"Norway","2015","27.5","18"
"Norway","2014","26.8","18"
"Norway","2013","26.4","18"
"Norway","2012","25.7","18"
"Norway","2011","25.3","18"
"Norway","2010","25.7","18"
"Norway","2009","26.2","18"
"Norway","2008","27","18"
"Norway","2007","27.1","18"
"Norway","2006","26.4","18"
"Norway","2005","30.6","18"
"Norway","2004","31.6","18"
"Norway","2003","27.6","18"
"Norway","2000","27.4","16"
"Norway","1995","26","16"
"Norway","1991","25.2","16"
"Norway","1986","24.6","16"
"Norway","1979","26.9","16"
"Pakistan","2018","29.6","22"
"Pakistan","2015","31.3","22"
"Pakistan","2013","29.5","22"
"Pakistan","2011","29.7","22"
"Pakistan","2010","28.8","22"
"Pakistan","2007","29.7","22"
"Pakistan","2005","31.3","22"
"Pakistan","2004","30.9","22"
"Pakistan","2001","28.7","196"
"Pakistan","1998","33.1","22"
"Pakistan","1996","28.7","197"
"Pakistan","1990","33.2","22"
"Pakistan","1987","33.3","22"
"Panama","2021","50.9","34"
"Panama","2019","49.8","34"
"Panama","2018","49.2","34"
"Panama","2017","49.9","34"
"Panama","2016","50.4","34"
"Panama","2015","50.8","34"
"Panama","2014","50.5","34"
"Panama","2013","51.5","34"
"Panama","2012","51.7","34"
"Panama","2011","51.3","34"
"Panama","2010","51.6","34"
"Panama","2009","51.8","34"
"Panama","2008","52.7","34"
"Panama","2007","52.7","34"
"Panama","2006","54.6","34"
"Panama","2005","53.8","34"
"Panama","2004","54.8","34"
"Panama","2003","55.7","34"
"Panama","2002","56.1","34"
"Panama","2001","56.7","34"
"Panama","2000","56.6","34"
"Panama","1999","56.5","34"
"Panama","1998","57.5","34"
"Panama","1997","58.2","34"
"Panama","1995","57.8","34"
"Panama","1991","58.2","198"
"Panama","1989","58.9","198"
"Panama","1979","48.7","199"
"Papua New Guinea","2009","41.9","22"
"Papua New Guinea","1996","45.8","22"
"Paraguay","2022","45.1","200"
"Paraguay","2021","42.9","200"
"Paraguay","2020","43.5","200"
"Paraguay","2019","45.7","200"
"Paraguay","2018","46","200"
"Paraguay","2017","48.5","200"
"Paraguay","2016","47.9","200"
"Paraguay","2015","47.6","200"
"Paraguay","2014","50.7","200"
"Paraguay","2013","47.9","200"
"Paraguay","2012","47.6","200"
"Paraguay","2011","52.3","200"
"Paraguay","2010","51","200"
"Paraguay","2009","49.1","200"
"Paraguay","2008","50.7","200"
"Paraguay","2007","53","200"
"Paraguay","2006","53","200"
"Paraguay","2005","51.4","200"
"Paraguay","2004","52.3","200"
"Paraguay","2003","54.9","200"
"Paraguay","2002","57.3","200"
"Paraguay","2001","54.6","201"
"Paraguay","1999","54.6","200"
"Paraguay","1997","54.9","201"
"Paraguay","1995","58.2","34"
"Paraguay","1990","40.8","34"
"Peru","2021","40.2","71"
"Peru","2020","43.8","71"
"Peru","2019","41.6","71"
"Peru","2018","42.4","71"
"Peru","2017","43.3","71"
"Peru","2016","43.6","71"
"Peru","2015","43.4","71"
"Peru","2014","43.1","71"
"Peru","2013","43.9","71"
"Peru","2012","44.4","71"
"Peru","2011","44.7","71"
"Peru","2010","45.5","71"
"Peru","2009","47","71"
"Peru","2008","47.5","71"
"Peru","2007","50","71"
"Peru","2006","50.3","71"
"Peru","2005","50.5","71"
"Peru","2004","49.9","71"
"Peru","2003","53.1","71"
"Peru","2002","53.6","71"
"Peru","2001","51.3","71"
"Peru","2000","49.1","71"
"Peru","1999","54.8","71"
"Peru","1998","55.1","71"
"Peru","1997","53.3","71"
"Philippines","2021","40.7","202"
"Philippines","2018","42.3","202"
"Philippines","2015","44.6","202"
"Philippines","2012","46.5","202"
"Philippines","2009","46.3","202"
"Philippines","2006","47.2","202"
"Philippines","2003","46.6","202"
"Philippines","2000","47.7","202"
"Poland","2019","28.8","18"
"Poland","2018","30.2","18"
"Poland","2017","29.7","18"
"Poland","2016","31.2","18"
"Poland","2015","31.8","18"
"Poland","2014","32.8","18"
"Poland","2013","33.1","18"
"Poland","2012","33","18"
"Poland","2011","33.2","18"
"Poland","2010","33.2","18"
"Poland","2009","33.4","18"
"Poland","2008","33.5","18"
"Poland","2007","34","18"
"Poland","2006","34.7","18"
"Poland","2005","35.8","18"
"Poland","2004","38","18"
"Portugal","2020","34.7","18"
"Portugal","2019","32.8","18"
"Portugal","2018","33.5","18"
"Portugal","2017","33.8","18"
"Portugal","2016","35.2","18"
"Portugal","2015","35.5","18"
"Portugal","2014","35.6","18"
"Portugal","2013","36.2","18"
"Portugal","2012","36","18"
"Portugal","2011","36.3","18"
"Portugal","2010","35.8","18"
"Portugal","2009","34.9","18"
"Portugal","2008","36.6","18"
"Portugal","2007","36.8","18"
"Portugal","2006","38.1","18"
"Portugal","2005","38.5","18"
"Portugal","2004","38.9","18"
"Portugal","2003","38.8","18"
"Romania","2020","34.6","18"
"Romania","2019","34.8","18"
"Romania","2018","35.8","18"
"Romania","2017","36","18"
"Romania","2016","34.4","18"
"Romania","2015","35.9","18"
"Romania","2014","36","18"
"Romania","2013","36.9","18"
"Romania","2012","36.5","18"
"Romania","2011","35.9","18"
"Romania","2010","35.5","18"
"Romania","2009","35.6","18"
"Romania","2008","36.4","18"
"Romania","2007","37.5","18"
"Romania","2006","39.6","18"
"Russia","2020","36","1"
"Russia","2019","37.7","1"
"Russia","2018","37.5","1"
"Russia","2017","37.2","1"
"Russia","2016","36.8","1"
"Russia","2015","37.7","1"
"Russia","2014","39.9","1"
"Russia","2013","40.9","1"
"Russia","2012","40.7","1"
"Russia","2011","39.7","1"
"Russia","2010","39.5","1"
"Russia","2009","39.8","1"
"Russia","2008","41.6","1"
"Russia","2007","42.3","1"
"Russia","2006","41","1"
"Russia","2005","41.3","1"
"Russia","2004","40.3","1"
"Russia","2003","40","1"
"Russia","2002","37.3","1"
"Russia","2001","36.9","1"
"Russia","2000","37.1","1"
"Russia","1999","37.4","1"
"Russia","1998","38.1","1"
"Russia","1997","38.4","1"
"Rwanda","2016","43.7","203"
"Rwanda","2013","45.1","204"
"Rwanda","2010","47.2","205"
"Rwanda","2005","52","206"
"Rwanda","2000","48.5","207"
"SÃ£o TomÃ© and Principe","2017","40.7","208"
"SÃ£o TomÃ© and Principe","2010","30.8","208"
"SÃ£o TomÃ© and Principe","2000","32.1","208"
"Samoa","2013","38.7","22"
"Samoa","2008","42","22"
"Samoa","2002","40.7","22"
"Senegal","2018","38.3","30"
"Senegal","2011","40.3","209"
"Senegal","2005","39.2","210"
"Senegal","2001","41.2","211"
"Senegal","1994","41.4","212"
"Senegal","1991","54.1","163"
"Serbia","2020","35","18"
"Serbia","2019","34.5","18"
"Serbia","2018","35","18"
"Serbia","2017","36.2","18"
"Serbia","2016","38.8","18"
"Serbia","2015","40.5","18"
"Serbia","2014","40.5","18"
"Serbia","2013","39.5","18"
"Serbia","2012","39.9","18"
"Seychelles","2018","32.1","213"
"Seychelles","2013","46.8","213"
"Sierra Leone","2018","35.7","214"
"Sierra Leone","2011","34","214"
"Sierra Leone","2003","40.2","214"
"Slovak Republic","2019","23.2","18"
"Slovak Republic","2018","25","18"
"Slovak Republic","2017","23.2","18"
"Slovak Republic","2016","25.2","18"
"Slovak Republic","2015","26.5","18"
"Slovak Republic","2014","26.1","18"
"Slovak Republic","2013","28.1","18"
"Slovak Republic","2012","26.1","18"
"Slovak Republic","2011","26.5","18"
"Slovak Republic","2010","27.3","18"
"Slovak Republic","2009","27.2","18"
"Slovak Republic","2008","26","18"
"Slovak Republic","2007","24.7","18"
"Slovak Republic","2006","25.8","18"
"Slovak Republic","2005","29.3","18"
"Slovak Republic","2004","27.1","18"
"Slovenia","2020","24","18"
"Slovenia","2019","24.4","18"
"Slovenia","2018","24.6","18"
"Slovenia","2017","24.2","18"
"Slovenia","2016","24.8","18"
"Slovenia","2015","25.4","18"
"Slovenia","2014","25.7","18"
"Slovenia","2013","26.2","18"
"Slovenia","2012","25.6","18"
"Slovenia","2011","24.9","18"
"Slovenia","2010","24.9","18"
"Slovenia","2009","24.8","18"
"Slovenia","2008","23.7","18"
"Slovenia","2007","24.4","18"
"Slovenia","2006","24.4","18"
"Slovenia","2005","24.6","18"
"Slovenia","2004","24.8","18"
"Solomon Islands","2012","37.1","22"
"Solomon Islands","2005","46.1","22"
"South Africa","2014","63","215"
"South Africa","2010","63.4","216"
"South Africa","2008","63","215"
"South Africa","2005","64.8","216"
"South Africa","2000","57.8","39"
"South Africa","1993","59.3","217"
"South Sudan","2016","44.1","218"
"South Sudan","2009","46.3","219"
"Spain","2020","34.9","18"
"Spain","2019","34.3","18"
"Spain","2018","34.7","18"
"Spain","2017","34.7","18"
"Spain","2016","35.8","18"
"Spain","2015","36.2","18"
"Spain","2014","36.1","18"
"Spain","2013","36.2","18"
"Spain","2012","35.4","18"
"Spain","2011","35.7","18"
"Spain","2010","35.2","18"
"Spain","2009","34.9","18"
"Spain","2008","34.2","18"
"Spain","2007","34.1","18"
"Spain","2006","33.5","18"
"Spain","2005","32.4","18"
"Spain","2004","33.3","18"
"Spain","2003","31.8","18"
"Spain","2000","34.1","19"
"Spain","1999","33.8","19"
"Spain","1998","34.6","19"
"Spain","1997","35.3","19"
"Spain","1996","36.5","19"
"Spain","1995","35.7","19"
"Spain","1994","35.1","19"
"Spain","1993","35.7","19"
"Spain","1990","32","220"
"Spain","1985","34.4","220"
"Spain","1980","34.5","220"
"Sri Lanka","2019","37.7","22"
"Sri Lanka","2016","39.3","22"
"Sri Lanka","2012","38.7","22"
"Sri Lanka","2009","36.1","22"
"Sri Lanka","2006","39.7","22"
"Sri Lanka","2002","40.2","22"
"Sri Lanka","1995","35.4","221"
"Sri Lanka","1990","32.4","22"
"Sri Lanka","1985","32.5","222"
"St. Lucia","2016","51.2","223"
"St. Lucia","1995","42.6","224"
"Sudan","2014","34.2","219"
"Sudan","2009","35.4","219"
"Suriname","1999","57.9","225"
"Sweden","2020","28.9","18"
"Sweden","2019","29.3","18"
"Sweden","2018","30","18"
"Sweden","2017","28.8","18"
"Sweden","2016","29.6","18"
"Sweden","2015","29.2","18"
"Sweden","2014","28.4","18"
"Sweden","2013","28.8","18"
"Sweden","2012","27.6","18"
"Sweden","2011","27.6","18"
"Sweden","2010","27.7","18"
"Sweden","2009","27.3","18"
"Sweden","2008","28.1","18"
"Sweden","2007","27.1","18"
"Sweden","2006","26.4","18"
"Sweden","2005","26.8","18"
"Sweden","2004","26.1","18"
"Sweden","2003","25.3","18"
"Sweden","2002","25.8","226"
"Sweden","2000","27.2","226"
"Sweden","1995","25.2","226"
"Sweden","1992","24.9","226"
"Sweden","1987","23.1","226"
"Sweden","1981","22.9","226"
"Sweden","1975","24.3","226"
"Switzerland","2018","33.1","18"
"Switzerland","2017","32.7","18"
"Switzerland","2016","33","18"
"Switzerland","2015","32.3","18"
"Switzerland","2014","32.5","18"
"Switzerland","2013","32.5","18"
"Switzerland","2012","31.6","18"
"Switzerland","2011","31.7","18"
"Switzerland","2010","32.6","18"
"Switzerland","2009","32.9","18"
"Switzerland","2008","33.8","18"
"Switzerland","2007","34.3","18"
"Switzerland","2006","33.9","18"
"Switzerland","2002","31.7","227"
"Switzerland","2000","33.4","227"
"Switzerland","1992","33.9","228"
"Switzerland","1982","36","229"
"Syrian Arab Republic","2003","37.5","137"
"Syrian Arab Republic","1996","35.2","137"
"TÃ¼rkiye","2019","41.9","87"
"TÃ¼rkiye","2018","41.9","87"
"TÃ¼rkiye","2017","41.4","87"
"TÃ¼rkiye","2016","41.9","87"
"TÃ¼rkiye","2015","42.9","87"
"TÃ¼rkiye","2014","41.2","87"
"TÃ¼rkiye","2013","40.2","87"
"TÃ¼rkiye","2012","40.2","87"
"TÃ¼rkiye","2011","40","87"
"TÃ¼rkiye","2010","38.8","87"
"TÃ¼rkiye","2009","39","87"
"TÃ¼rkiye","2008","39","87"
"TÃ¼rkiye","2007","38.4","87"
"TÃ¼rkiye","2006","39.6","87"
"TÃ¼rkiye","2005","42.6","87"
"TÃ¼rkiye","2004","41.3","87"
"TÃ¼rkiye","2003","42.2","87"
"TÃ¼rkiye","2002","41.4","87"
"TÃ¼rkiye","1994","41.3","230"
"TÃ¼rkiye","1987","43.5","230"
"Tajikistan","2015","34","231"
"Tajikistan","2009","30.8","232"
"Tajikistan","2007","32.2","232"
"Tajikistan","2004","33.6","1"
"Tajikistan","2003","32.7","232"
"Tajikistan","1999","29.5","232"
"Tanzania","2018","40.5","1"
"Tanzania","2011","37.8","1"
"Tanzania","2007","40.3","1"
"Tanzania","2000","37.3","1"
"Tanzania","1991","35.3","1"
"Thailand","2021","35.1","221"
"Thailand","2020","35","221"
"Thailand","2019","34.9","221"
"Thailand","2018","36.4","221"
"Thailand","2017","36.5","221"
"Thailand","2016","36.9","221"
"Thailand","2015","36","221"
"Thailand","2014","37","221"
"Thailand","2013","37.8","221"
"Thailand","2012","39.3","221"
"Thailand","2011","37.5","221"
"Thailand","2010","39.4","221"
"Thailand","2009","39.6","221"
"Thailand","2008","40.3","221"
"Thailand","2007","39.8","221"
"Thailand","2006","41.8","221"
"Thailand","2004","42.5","221"
"Thailand","2002","41.9","221"
"Thailand","2000","42.8","221"
"Thailand","1999","43.1","221"
"Thailand","1998","41.5","221"
"Thailand","1996","42.9","221"
"Thailand","1994","43.5","221"
"Thailand","1992","47.9","221"
"Thailand","1990","45.3","221"
"Thailand","1988","43.8","233"
"Thailand","1981","45.2","233"
"The Gambia","2020","38.8","197"
"The Gambia","2015","35.9","197"
"The Gambia","2010","43.6","197"
"The Gambia","2003","47.3","91"
"The Gambia","1998","48.5","234"
"Timor-Leste","2014","28.7","235"
"Timor-Leste","2007","27.8","235"
"Timor-Leste","2001","35.9","236"
"Togo","2018","42.5","30"
"Togo","2015","43.1","32"
"Togo","2011","46","32"
"Togo","2006","42.2","32"
"Tonga","2015","33.5","22"
"Tonga","2009","37.5","22"
"Tonga","2000","37.7","22"
"Trinidad and Tobago","1992","40.3","237"
"Trinidad and Tobago","1988","42.6","238"
"Tunisia","2015","32.8","239"
"Tunisia","2010","35.8","239"
"Tunisia","2005","37.7","239"
"Tunisia","2000","40.8","240"
"Tunisia","1995","41.7","240"
"Tunisia","1990","40.2","241"
"Tunisia","1985","43.4","241"
"Turkmenistan","1998","40.8","2"
"Tuvalu","2010","39.1","137"
"Uganda","2019","42.7","242"
"Uganda","2016","42.8","242"
"Uganda","2012","41","242"
"Uganda","2009","44.2","242"
"Uganda","2005","42.9","242"
"Uganda","2002","45.2","242"
"Uganda","1999","43","243"
"Uganda","1996","39","243"
"Uganda","1992","41.4","243"
"Uganda","1989","44.4","143"
"Ukraine","2020","25.6","244"
"Ukraine","2019","26.6","244"
"Ukraine","2018","26.1","244"
"Ukraine","2017","26","244"
"Ukraine","2016","25","244"
"Ukraine","2015","25.5","244"
"Ukraine","2014","24","244"
"Ukraine","2013","24.6","244"
"Ukraine","2012","24.7","244"
"Ukraine","2011","24.6","244"
"Ukraine","2010","24.8","244"
"Ukraine","2009","25.3","244"
"Ukraine","2008","26.6","244"
"Ukraine","2007","27","244"
"Ukraine","2006","29.8","244"
"Ukraine","2005","29","244"
"Ukraine","2004","28.9","244"
"Ukraine","2003","28.7","244"
"Ukraine","2002","29","244"
"Ukraine","1996","35.2","22"
"Ukraine","1995","39.3","39"
"Ukraine","1993","28.9","245"
"Ukraine","1992","29.7","245"
"United Arab Emirates","2018","26","246"
"United Arab Emirates","2013","32.5","246"
"United Kingdom","2020","32.6","247"
"United Kingdom","2019","32.8","247"
"United Kingdom","2018","33.7","247"
"United Kingdom","2017","32.6","247"
"United Kingdom","2016","33.1","247"
"United Kingdom","2015","33.3","247"
"United Kingdom","2014","33.1","247"
"United Kingdom","2013","32.7","247"
"United Kingdom","2012","33.1","247"
"United Kingdom","2011","33.2","247"
"United Kingdom","2010","33.7","247"
"United Kingdom","2009","35.1","247"
"United Kingdom","2008","35.4","247"
"United Kingdom","2007","34.4","247"
"United Kingdom","2006","35.9","247"
"United Kingdom","2005","35.5","247"
"United Kingdom","2004","34.8","247"
"United Kingdom","2003","34.9","247"
"United Kingdom","2002","35.1","247"
"United Kingdom","2001","37.1","247"
"United Kingdom","2000","38.8","247"
"United Kingdom","1999","36.8","247"
"United Kingdom","1998","36.6","247"
"United Kingdom","1997","35.7","247"
"United Kingdom","1996","35.3","247"
"United Kingdom","1995","35.5","247"
"United Kingdom","1994","36","247"
"United Kingdom","1993","35.1","248"
"United Kingdom","1992","35","248"
"United Kingdom","1991","35","248"
"United Kingdom","1990","35.7","248"
"United Kingdom","1989","33.4","248"
"United Kingdom","1988","34.3","248"
"United Kingdom","1987","33.9","248"
"United Kingdom","1986","31.9","248"
"United Kingdom","1985","30.4","248"
"United Kingdom","1984","29.2","248"
"United Kingdom","1983","29.8","248"
"United Kingdom","1982","29.9","248"
"United Kingdom","1981","29.7","248"
"United Kingdom","1980","28.5","248"
"United Kingdom","1979","27.4","248"
"United Kingdom","1978","27.2","248"
"United Kingdom","1977","27.1","248"
"United Kingdom","1976","27.6","248"
"United Kingdom","1975","27.9","248"
"United Kingdom","1974","29","248"
"United Kingdom","1973","28.8","248"
"United Kingdom","1972","28.8","248"
"United Kingdom","1971","29.3","248"
"United Kingdom","1970","28","248"
"United Kingdom","1969","27.9","248"
"United Kingdom","1968","26.8","248"
"United States","2021","39.8","249"
"United States","2020","39.7","249"
"United States","2019","41.5","249"
"United States","2018","41.4","249"
"United States","2017","41.2","249"
"United States","2016","41.1","249"
"United States","2015","41.2","249"
"United States","2014","41.5","249"
"United States","2013","40.7","249"
"United States","2012","40.9","249"
"United States","2011","40.9","249"
"United States","2010","40","249"
"United States","2009","40.6","249"
"United States","2008","40.8","249"
"United States","2007","40.8","249"
"United States","2006","41.4","249"
"United States","2005","41","249"
"United States","2004","40.3","249"
"United States","2003","40.8","249"
"United States","2002","40.4","249"
"United States","2001","40.6","250"
"United States","2000","40.1","250"
"United States","1999","40","250"
"United States","1998","40","250"
"United States","1997","40.5","250"
"United States","1996","40.3","250"
"United States","1995","39.9","250"
"United States","1994","40","250"
"United States","1993","40.4","250"
"United States","1992","38.4","250"
"United States","1991","38","250"
"United States","1990","38.3","250"
"United States","1989","38.2","250"
"United States","1988","37.7","250"
"United States","1987","37.2","250"
"United States","1986","37.6","250"
"United States","1985","37.6","250"
"United States","1984","37.3","250"
"United States","1983","37.3","250"
"United States","1982","36.7","250"
"United States","1981","35.5","250"
"United States","1980","34.7","250"
"United States","1979","34.8","250"
"United States","1978","34.8","250"
"United States","1977","35.5","250"
"United States","1976","35.6","250"
"United States","1975","35.7","250"
"United States","1974","35.5","250"
"United States","1973","36.1","250"
"United States","1972","36.7","250"
"United States","1971","36.9","250"
"United States","1970","36.6","250"
"United States","1969","36","250"
"United States","1968","36.3","250"
"United States","1967","36.9","250"
"United States","1966","37.8","250"
"United States","1965","37.5","250"
"United States","1964","38.1","250"
"United States","1963","37.6","250"
"Uruguay","2021","40.8","251"
"Uruguay","2020","40.2","35"
"Uruguay","2019","39.7","35"
"Uruguay","2018","39.7","35"
"Uruguay","2017","39.5","35"
"Uruguay","2016","39.7","35"
"Uruguay","2015","40.1","35"
"Uruguay","2014","40.1","35"
"Uruguay","2013","40.5","35"
"Uruguay","2012","39.9","35"
"Uruguay","2011","42.2","35"
"Uruguay","2010","44.5","35"
"Uruguay","2009","45.5","35"
"Uruguay","2008","45.1","35"
"Uruguay","2007","46.4","35"
"Uruguay","2006","45.9","35"
"Uzbekistan","2003","35.3","1"
"Uzbekistan","2002","33","1"
"Uzbekistan","2000","36.1","1"
"Uzbekistan","1998","44.7","1"
"Vanuatu","2019","32.3","252"
"Vanuatu","2010","37.4","22"
"Venezuela","2006","44.8","253"
"Venezuela","2005","49.5","253"
"Venezuela","2004","47.5","253"
"Venezuela","2003","48.1","253"
"Venezuela","2002","49","253"
"Venezuela","2001","47.2","253"
"Venezuela","1999","47.8","253"
"Venezuela","1998","48.1","253"
"Venezuela","1995","47.2","253"
"Venezuela","1992","42.1","253"
"Venezuela","1989","43.8","253"
"Venezuela","1987","53.4","254"
"Venezuela","1981","55.6","254"
"Viet Nam","2020","36.8","255"
"Viet Nam","2018","35.7","255"
"Viet Nam","2016","35.3","255"
"Viet Nam","2014","34.8","255"
"Viet Nam","2012","35.6","255"
"Viet Nam","2010","39.3","255"
"Viet Nam","2008","35.6","255"
"Viet Nam","2006","35.8","255"
"Viet Nam","2004","36.8","255"
"Viet Nam","2002","37","255"
"Viet Nam","1997","35.4","256"
"Viet Nam","1992","35.7","256"
"West Bank and Gaza","2016","33.7","257"
"West Bank and Gaza","2011","34.4","257"
"West Bank and Gaza","2010","35.3","257"
"West Bank and Gaza","2009","34.5","257"
"West Bank and Gaza","2007","35.6","257"
"West Bank and Gaza","2006","34","257"
"West Bank and Gaza","2005","34.7","257"
"West Bank and Gaza","2004","34","257"
"Yemen","2014","36.7","258"
"Yemen","2005","34.7","258"
"Yemen","1998","35","258"
"Zambia","2015","55.9","259"
"Zambia","2010","52","260"
"Zambia","2006","54.6","261"
"Zambia","2004","54.3","262"
"Zambia","2002","42.1","263"
"Zambia","1998","49.1","264"
"Zambia","1996","48.3","265"
"Zambia","1993","52.6","143"
"Zambia","1991","60.5","1"
"Zimbabwe","2019","50.3","266"
"Zimbabwe","2017","44.3","267"
"Zimbabwe","2011","43.2","268"

"footnoteSeqID","Footnote"
"1","Based on data from HBS. Estimated from unit-record consumption data."
"2","Based on data from LSMS. Estimated from unit-record consumption data."
"3","Based on data from EWS. Estimated from unit-record consumption data."
"4","Based on data from ENCNVM. Estimated from grouped consumption data."
"5","Based on data from ENMNV. Estimated from grouped consumption data."
"6","Based on data from EDCM. Estimated from grouped consumption data."
"7","Based on data from IDREA. Estimated from unit-record consumption data."
"8","Based on data from IBEP-MICS. Estimated from unit-record consumption data."
"9","Based on data from EPHC-S2. Estimated from unit-record income data. Urban only."
"10","Based on data from EPH. Estimated from unit-record income data. Urban only."
"11","Based on data from EPH. Estimated from grouped income data. Urban only."
"12","Based on data from ILCS. Estimated from unit-record consumption data."
"13","Based on data from SIH-LIS. Estimated from unit-record income data."
"14","Based on data from SIH-HES-LIS. Estimated from unit-record income data."
"15","Based on data from SIHCA-LIS. Estimated from unit-record income data."
"16","Based on data from IDS-LIS. Estimated from unit-record income data."
"17","Based on data from IHS-LIS. Estimated from unit-record income data."
"18","Based on data from EU-SILC. Estimated from unit-record income data."
"19","Based on data from ECHP-LIS. Estimated from unit-record income data."
"20","Based on data from MC-LIS. Estimated from unit-record income data."
"21","Based on data from SLC. Estimated from unit-record consumption data."
"22","Based on data from HIES. Estimated from unit-record consumption data."
"23","Based on data from HHES. Estimated from unit-record consumption data."
"24","Based on data from HHES. Estimated from grouped consumption data."
"25","Based on data from HHS. Estimated from unit-record consumption data."
"26","Based on data from PSBH-ECHP-LIS. Estimated from unit-record income data."
"27","Based on data from SEP-LIS. Estimated from unit-record income data."
"28","Based on data from LFS. Estimated from unit-record income data. PPP is partially imputed."
"29","Based on data from SLC. Estimated from unit-record income data. PPP is partially imputed."
"30","Based on data from EHCVM. Estimated from unit-record consumption data."
"31","Based on data from EMICOV. Estimated from unit-record consumption data."
"32","Based on data from QUIBB. Estimated from unit-record consumption data."
"33","Based on data from BLSS. Estimated from unit-record consumption data."
"34","Based on data from EH. Estimated from unit-record income data."
"35","Based on data from ECH. Estimated from unit-record income data."
"36","Based on data from ENE. Estimated from unit-record income data."
"37","Based on data from BMTHS. Estimated from unit-record consumption data."
"38","Based on data from CWIS. Estimated from unit-record consumption data."
"39","Based on data from HIES. Estimated from grouped consumption data."
"40","Based on data from PNADC-E5. Estimated from unit-record income data."
"41","Based on data from PNADC-E1. Estimated from unit-record income data."
"42","Based on data from PNAD. Estimated from unit-record income data."
"43","Based on data from EMC. Estimated from unit-record consumption data."
"44","Based on data from ECVM. Estimated from unit-record consumption data."
"45","Based on data from EP-II. Estimated from unit-record consumption data."
"46","Based on data from EP-I. Estimated from unit-record consumption data."
"47","Based on data from ECVMB. Estimated from unit-record consumption data."
"48","Based on data from EP. Estimated from unit-record consumption data."
"49","Based on data from ENV. Estimated from unit-record consumption data."
"50","Based on data from EPAM. Estimated from unit-record consumption data."
"51","Based on data from IDRF. Estimated from unit-record consumption data."
"52","Based on data from ECAM-IV. Estimated from unit-record consumption data."
"53","Based on data from ECAM-III. Estimated from unit-record consumption data."
"54","Based on data from ECAM-II. Estimated from unit-record consumption data."
"55","Based on data from ECAM-I. Estimated from unit-record consumption data."
"56","Based on data from CIS-LIS. Estimated from unit-record income data."
"57","Based on data from SLID-LIS. Estimated from unit-record income data."
"58","Based on data from SCF-LIS. Estimated from unit-record income data."
"59","Based on data from ECASEB. Estimated from unit-record consumption data."
"60","Based on data from EPCM. Estimated from grouped consumption data."
"61","Based on data from ECOSIT-III. Estimated from unit-record consumption data."
"62","Based on data from ECOSIT-II. Estimated from unit-record consumption data."
"63","Based on data from CASEN. Estimated from unit-record income data."
"64","Based on data from CNIHS. Estimated from grouped consumption data."
"65","Based on data from CRHS-CUHS. Estimated from grouped consumption data."
"66","Based on data from GEIH. Estimated from unit-record income data."
"67","Based on data from ENH. Estimated from unit-record income data."
"68","Based on data from EESIC. Estimated from unit-record consumption data."
"69","Based on data from EIM. Estimated from unit-record consumption data."
"70","Based on data from ECOM. Estimated from unit-record consumption data."
"71","Based on data from ENAHO. Estimated from unit-record income data."
"72","Based on data from EHPM. Estimated from unit-record income data."
"73","Based on data from ENH. Estimated from grouped income data."
"74","Based on data from CM. Estimated from grouped income data."
"75","Based on data from E123. Estimated from unit-record consumption data."
"76","Based on data from LM-LIS. Estimated from unit-record income data."
"77","Based on data from EDAM. Estimated from unit-record consumption data."
"78","Based on data from ECNFT-Q03. Estimated from unit-record income data."
"79","Based on data from ENFT. Estimated from unit-record income data."
"80","Based on data from ICS. Estimated from grouped income data."
"81","Based on data from ENGSLF. Estimated from grouped income data."
"82","Based on data from ENEMDU. Estimated from unit-record income data."
"83","Based on data from EPED. Estimated from unit-record income data."
"84","Based on data from ECV. Estimated from unit-record income data."
"85","Based on data from HIECS. Estimated from unit-record consumption data. PPP is partially imputed."
"86","Based on data from HIECS. Estimated from grouped consumption data. PPP is partially imputed."
"87","Based on data from HICES. Estimated from unit-record consumption data."
"88","Based on data from TSIS-LIS. Estimated from unit-record income data."
"89","Based on data from TIS-LIS. Estimated from unit-record income data."
"90","Based on data from EGEP. Estimated from unit-record consumption data."
"91","Based on data from HIS. Estimated from unit-record consumption data."
"92","Based on data from HIS. Estimated from grouped consumption data."
"93","Based on data from GSOEP-LIS. Estimated from unit-record income data."
"94","Based on data from GLSS-VII. Estimated from unit-record consumption data."
"95","Based on data from GLSS-VI. Estimated from unit-record consumption data."
"96","Based on data from GLSS-V. Estimated from unit-record consumption data."
"97","Based on data from GLSS-IV. Estimated from unit-record consumption data."
"98","Based on data from GLSS-III. Estimated from unit-record consumption data."
"99","Based on data from GLSS-II. Estimated from grouped consumption data."
"100","Based on data from GLSS-I. Estimated from grouped consumption data."
"101","Based on data from ENCOVI. Estimated from unit-record income data."
"102","Based on data from ENSD. Estimated from grouped income data."
"103","Based on data from EHCVM. Estimated from unit-record consumption data. PPP is partially imputed."
"104","Based on data from ELEP. Estimated from unit-record consumption data. PPP is partially imputed."
"105","Based on data from EIBEP. Estimated from unit-record consumption data. PPP is partially imputed."
"106","Based on data from EIBC. Estimated from unit-record consumption data. PPP is partially imputed."
"107","Based on data from ESIP. Estimated from grouped consumption data. PPP is partially imputed."
"108","Based on data from ILAP-II. Estimated from unit-record consumption data."
"109","Based on data from ILAP-I. Estimated from unit-record consumption data."
"110","Based on data from ICOF. Estimated from unit-record consumption data."
"111","Based on data from GLSMS. Estimated from unit-record income data."
"112","Based on data from ECVMAS. Estimated from unit-record consumption data."
"113","Based on data from EPHPM. Estimated from unit-record income data."
"114","Based on data from EPHPM. Estimated from grouped income data."
"115","Based on data from CPHS. Estimated from imputed unit-record consumption data."
"116","Based on data from NSS-SCH1. Estimated from unit-record consumption data."
"117","Based on data from NSS-SCH1. Estimated from grouped consumption data."
"118","Based on data from NSS. Estimated from grouped consumption data."
"119","Based on data from SUSENAS. Estimated from unit-record consumption data."
"120","Based on data from SUSENAS. Estimated from grouped consumption data."
"121","Based on data from HEIS. Estimated from unit-record consumption data."
"122","Based on data from SECH. Estimated from grouped consumption data."
"123","Based on data from IHSES. Estimated from unit-record consumption data. PPP is partially imputed."
"124","Based on data from SILC-LIS. Estimated from unit-record income data."
"125","Based on data from LIS-ECHP-LIS. Estimated from unit-record income data."
"126","Based on data from SIDPUSS-LIS. Estimated from unit-record income data."
"127","Based on data from HES-LIS. Estimated from unit-record income data."
"128","Based on data from SHIW-LIS. Estimated from unit-record income data."
"129","Based on data from SLC. Estimated from grouped consumption data."
"130","Based on data from JHPS-LIS. Estimated from unit-record income data."
"131","Based on data from HEIS. Estimated from grouped consumption data."
"132","Based on data from KCHS. Estimated from unit-record consumption data."
"133","Based on data from IHBS. Estimated from unit-record consumption data."
"134","Based on data from WMS-III. Estimated from unit-record consumption data."
"135","Based on data from WMS-II. Estimated from unit-record consumption data."
"136","Based on data from WMS-I. Estimated from grouped consumption data."
"137","Based on data from HIES. Estimated from unit-record consumption data. PPP is extrapolated from 2011."
"138","Based on data from HIES-FHES-LIS. Estimated from unit-record income data."
"139","Based on data from KIHS. Estimated from unit-record consumption data."
"140","Based on data from LECS. Estimated from unit-record consumption data."
"141","Based on data from CMSHBS. Estimated from unit-record consumption data."
"142","Based on data from NHECS. Estimated from unit-record consumption data."
"143","Based on data from HBS. Estimated from grouped consumption data."
"144","Based on data from CWIQ. Estimated from unit-record consumption data."
"145","Based on data from SEP-SILC-LIS. Estimated from unit-record income data."
"146","Based on data from PSELL-ECHP-LIS. Estimated from unit-record income data."
"147","Based on data from PSELL-LIS. Estimated from unit-record income data."
"148","Based on data from ENSOMD. Estimated from unit-record consumption data."
"149","Based on data from EPM. Estimated from unit-record consumption data."
"150","Based on data from EB. Estimated from grouped consumption data."
"151","Based on data from IHS-V. Estimated from unit-record consumption data."
"152","Based on data from IHS-IV. Estimated from unit-record consumption data."
"153","Based on data from IHS-III. Estimated from unit-record consumption data."
"154","Based on data from IHS-II. Estimated from unit-record consumption data."
"155","Based on data from IHS-I. Estimated from unit-record consumption data."
"156","Based on data from HIESBA. Estimated from unit-record income data."
"157","Based on data from HIS. Estimated from unit-record income data."
"158","Based on data from HIS. Estimated from grouped income data."
"159","Based on data from ELIM. Estimated from unit-record consumption data."
"160","Based on data from EMEP. Estimated from unit-record consumption data."
"161","Based on data from EMCES. Estimated from unit-record consumption data."
"162","Based on data from EPCV. Estimated from unit-record consumption data."
"163","Based on data from EP. Estimated from grouped consumption data."
"164","Based on data from EPCV. Estimated from grouped consumption data."
"165","Based on data from ENIGHNS. Estimated from unit-record income data."
"166","Based on data from ENIGH. Estimated from unit-record income data."
"167","Based on data from HSES. Estimated from unit-record consumption data."
"168","Based on data from HIES-LSMS. Estimated from unit-record consumption data."
"169","Based on data from LSMS. Estimated from grouped consumption data."
"170","Based on data from SILC-C. Estimated from unit-record income data."
"171","Based on data from ENCDM. Estimated from unit-record consumption data."
"172","Based on data from ENNVM. Estimated from unit-record consumption data."
"173","Based on data from ECDM. Estimated from grouped consumption data."
"174","Based on data from IOF. Estimated from unit-record consumption data."
"175","Based on data from IAF. Estimated from unit-record consumption data."
"176","Based on data from NHS. Estimated from unit-record consumption data."
"177","Based on data from MLCS. Estimated from unit-record consumption data."
"178","Based on data from MPLCS. Estimated from unit-record consumption data."
"179","Based on data from NHIES. Estimated from unit-record consumption data."
"180","Based on data from LSS-III. Estimated from unit-record consumption data."
"181","Based on data from LSS-II. Estimated from unit-record consumption data."
"182","Based on data from LSS-I. Estimated from unit-record consumption data."
"183","Based on data from AVO-LIS. Estimated from unit-record income data."
"184","Based on data from EMNV. Estimated from unit-record income data."
"185","Based on data from ECVMA. Estimated from unit-record consumption data."
"186","Based on data from ENBCM. Estimated from unit-record consumption data."
"187","Based on data from ENCVM. Estimated from unit-record consumption data."
"188","Based on data from EPCES. Estimated from unit-record consumption data."
"189","Based on data from ENBCM. Estimated from grouped consumption data."
"190","Based on data from LSS. Estimated from unit-record consumption data. PPP is partially imputed."
"191","Based on data from GHSP-W3. Estimated from imputed unit-record consumption data. PPP is partially imputed."
"192","Based on data from GHSP-W2. Estimated from imputed unit-record consumption data. PPP is partially imputed."
"193","Based on data from GHSP-W1. Estimated from imputed unit-record consumption data. PPP is partially imputed."
"194","Based on data from NCS. Estimated from unit-record consumption data. PPP is partially imputed."
"195","Based on data from NCS. Estimated from grouped consumption data. PPP is partially imputed."
"196","Based on data from PIHS. Estimated from unit-record consumption data."
"197","Based on data from IHS. Estimated from unit-record consumption data."
"198","Based on data from EMO. Estimated from unit-record income data."
"199","Based on data from EMO. Estimated from grouped income data."
"200","Based on data from EPH. Estimated from unit-record income data."
"201","Based on data from EIH. Estimated from unit-record income data."
"202","Based on data from FIES. Estimated from unit-record income data."
"203","Based on data from EICV-V. Estimated from unit-record consumption data."
"204","Based on data from EICV-IV. Estimated from unit-record consumption data."
"205","Based on data from EICV-III. Estimated from unit-record consumption data."
"206","Based on data from EICV-II. Estimated from unit-record consumption data."
"207","Based on data from EICV-I. Estimated from unit-record consumption data."
"208","Based on data from IOF. Estimated from unit-record consumption data. PPP is partially imputed."
"209","Based on data from ESPS-II. Estimated from unit-record consumption data."
"210","Based on data from ESPS-I. Estimated from unit-record consumption data."
"211","Based on data from ESAM-II. Estimated from unit-record consumption data."
"212","Based on data from ESAM. Estimated from grouped consumption data."
"213","Based on data from HBS. Estimated from unit-record income data."
"214","Based on data from SLIHS. Estimated from unit-record consumption data."
"215","Based on data from LCS. Estimated from unit-record consumption data."
"216","Based on data from IES. Estimated from unit-record consumption data."
"217","Based on data from KIDS. Estimated from grouped consumption data."
"218","Based on data from HFS-W3. Estimated from imputed unit-record consumption data."
"219","Based on data from NBHS. Estimated from unit-record consumption data."
"220","Based on data from HBS-LIS. Estimated from unit-record income data."
"221","Based on data from SES. Estimated from unit-record consumption data."
"222","Based on data from LFSS. Estimated from grouped consumption data."
"223","Based on data from SLC-HBS. Estimated from unit-record income data."
"224","Based on data from LSMS. Estimated from grouped income data."
"225","Based on data from EHS. Estimated from unit-record income data. Urban only."
"226","Based on data from HIS-LIS. Estimated from unit-record income data."
"227","Based on data from IES-LIS. Estimated from unit-record income data."
"228","Based on data from NPS-LIS. Estimated from unit-record income data."
"229","Based on data from SIWS-LIS. Estimated from unit-record income data."
"230","Based on data from HICES. Estimated from grouped consumption data."
"231","Based on data from HSITAFIEN. Estimated from unit-record consumption data."
"232","Based on data from TLSS. Estimated from unit-record consumption data."
"233","Based on data from SES. Estimated from grouped consumption data."
"234","Based on data from HPS. Estimated from unit-record consumption data."
"235","Based on data from TLSLS. Estimated from unit-record consumption data. PPP is extrapolated from 2011."
"236","Based on data from TLSS. Estimated from unit-record consumption data. PPP is extrapolated from 2011."
"237","Based on data from PHC. Estimated from grouped income data. PPP is partially imputed."
"238","Based on data from SLC. Estimated from grouped income data. PPP is partially imputed."
"239","Based on data from NSHBCSL. Estimated from unit-record consumption data."
"240","Based on data from LSS. Estimated from grouped consumption data."
"241","Based on data from HBCS. Estimated from grouped consumption data."
"242","Based on data from UNHS. Estimated from unit-record consumption data."
"243","Based on data from NIHS. Estimated from unit-record consumption data."
"244","Based on data from HLCS. Estimated from unit-record consumption data."
"245","Based on data from HS. Estimated from unit-record consumption data."
"246","Based on data from HIES. Estimated from grouped income data."
"247","Based on data from FRS-LIS. Estimated from unit-record income data."
"248","Based on data from FES-LIS. Estimated from unit-record income data."
"249","Based on data from CPS-ASEC-LIS. Estimated from unit-record income data."
"250","Based on data from CPS-LIS. Estimated from unit-record income data."
"251","Based on data from ECH-S2. Estimated from unit-record income data."
"252","Based on data from NSDP. Estimated from unit-record consumption data."
"253","Based on data from EHM. Estimated from unit-record income data. PPP is extrapolated from 2011."
"254","Based on data from EHM. Estimated from grouped income data. PPP is extrapolated from 2011."
"255","Based on data from VHLSS. Estimated from unit-record consumption data."
"256","Based on data from VLSS. Estimated from unit-record consumption data."
"257","Based on data from PECS. Estimated from unit-record consumption data."
"258","Based on data from HBS. Estimated from unit-record consumption data. PPP is extrapolated from 2011."
"259","Based on data from LCMS-VII. Estimated from unit-record consumption data."
"260","Based on data from LCMS-VI. Estimated from unit-record consumption data."
"261","Based on data from LCMS-V. Estimated from unit-record consumption data."
"262","Based on data from LCMS-IV. Estimated from unit-record consumption data."
"263","Based on data from LCMS-III. Estimated from unit-record consumption data."
"264","Based on data from LCMS-II. Estimated from unit-record consumption data."
"265","Based on data from LCMS-I. Estimated from unit-record consumption data."
"266","Based on data from PICES. Estimated from imputed unit-record consumption data."
"267","Based on data from PICES. Estimated from unit-record consumption data."
"268","Based on data from ICES. Estimated from grouped consumption data."
